,renewable_cap,N,max_energy,max_power,total_cost,description,elapsed_time,renewable_cap_0,renewable_cap_1
0,"[37.07266637188967, 50.576121126977014]",67.0,26.61407357960796,11.011402865719525,200863434.8032559,benchmark,9495.534102916718,37.07266637188967,50.576121126977014
