,renewable_cap,N,max_energy,max_power,total_cost,description,elapsed_time,renewable_cap_0,renewable_cap_1
0,"[55.86328968971102, 57.17315975019993]",58.0,48.11351586581685,17.192565377998584,226285327.51466703,benchmark,4116.491317272186,55.86328968971102,57.17315975019993
