,renewable_cap,N,max_energy,max_power,total_cost,description,elapsed_time,renewable_cap_0,renewable_cap_1
0,"[42.01613848890689, 54.469320300915086]",64.0,32.856652503824264,12.349256076404796,208749427.94934073,benchmark,31703.591484069824,42.01613848890689,54.469320300915086
