,renewable_cap,N,max_energy,max_power,total_cost,description,elapsed_time,renewable_cap_0,renewable_cap_1
0,"[98.76672478641112, 85.76948937849394]",39.0,109.206055406352,33.63996598067939,307026832.57999575,benchmark,5476.569108009338,98.76672478641112,85.76948937849394
