,renewable_cap,N,max_energy,max_power,total_cost,description,elapsed_time,renewable_cap_0,renewable_cap_1
0,"[50.08285638782091, 53.83566655858722]",61.0,40.94344559609241,14.396145412400807,217168841.85352784,benchmark,8749.03759598732,50.08285638782091,53.83566655858722
