,renewable_cap,N,max_energy,max_power,total_cost,description,elapsed_time,renewable_cap_0,renewable_cap_1
0,"[78.13860080024253, 69.1010399107422]",50.0,60.96898344324083,23.59670935147492,262093297.47225058,benchmark,22486.53278708458,78.13860080024253,69.1010399107422
