,renewable_cap,N,max_energy,max_power,total_cost,description,elapsed_time,renewable_cap_0,renewable_cap_1
0,"[68.66967982398505, 65.94268981622587]",53.0,55.61097666853008,22.06784517326591,248157599.55873126,benchmark,5782.0814888477325,68.66967982398505,65.94268981622587
