,renewable_cap,N,max_energy,max_power,total_cost,description,elapsed_time,renewable_cap_0,renewable_cap_1
0,"[122.96700577430593, 97.12277344759167]",33.0,137.02402818993946,38.55443266141614,352291727.1397977,benchmark,1778.8395788669586,122.96700577430593,97.12277344759167
