,renewable_cap,N,max_energy,max_power,total_cost,description,elapsed_time,renewable_cap_0,renewable_cap_1
0,"[62.63625864547419, 60.27811523958396]",56.0,50.12836348125178,19.132359691578454,236529895.4196671,benchmark,6631.304014444351,62.63625864547419,60.27811523958396
