,renewable_cap,N,max_energy,max_power,total_cost,description,elapsed_time,renewable_cap_0,renewable_cap_1
0,"[85.23204701620917, 77.60991174907375]",43.0,93.3420776770178,30.41746717454928,280727661.77402633,benchmark,6690.285931110382,85.23204701620917,77.60991174907375
