,renewable_cap,N,max_energy,max_power,total_cost,description,elapsed_time,renewable_cap_0,renewable_cap_1
0,"[33.565734893255424, 49.662365237152464]",68.0,26.573032366074667,10.642208564643905,195638650.23879668,benchmark,11349.198155879974,33.565734893255424,49.662365237152464
