,renewable_cap,N,max_energy,max_power,total_cost,description,elapsed_time,renewable_cap_0,renewable_cap_1
0,"[66.77189799020036, 59.44626860103332]",58.0,34.65713923209479,14.558848068083304,238134558.7763864,benchmark,19949.42032599449,66.77189799020036,59.44626860103332
