,renewable_cap,N,max_energy,max_power,total_cost,description,elapsed_time,renewable_cap_0,renewable_cap_1
0,"[39.05608897399653, 51.99048133530394]",66.0,28.93441677652345,11.52510238073602,202874703.86937514,benchmark,11915.568007230759,39.05608897399653,51.99048133530394
