,renewable_cap,N,max_energy,max_power,total_cost,description,elapsed_time,renewable_cap_0,renewable_cap_1
0,"[74.59540453358163, 63.287581740421565]",52.0,54.63714041037306,20.84966757257728,250998775.04808733,benchmark,6150.5997178554535,74.59540453358163,63.287581740421565
