,renewable_cap,N,max_energy,max_power,total_cost,description,elapsed_time,renewable_cap_0,renewable_cap_1
0,"[97.34349871420078, 77.16153528094041]",40.0,81.1485834736459,29.897781916773617,289916538.26009166,benchmark,3999.137668609619,97.34349871420078,77.16153528094041
