,renewable_cap,N,max_energy,max_power,total_cost,description,elapsed_time,renewable_cap_0,renewable_cap_1
0,"[82.21767546845058, 71.70738767397603]",46.0,69.55008082884554,24.844317206734647,266957323.889057,benchmark,10067.492297887802,82.21767546845058,71.70738767397603
