,renewable_cap,N,max_energy,max_power,total_cost,description,elapsed_time,renewable_cap_0,renewable_cap_1
0,"[46.20866666248065, 51.95500722717536]",64.0,32.35725482250792,12.150886451575932,210417415.89257705,benchmark,9478.50353193283,46.20866666248065,51.95500722717536
