,renewable_cap,N,max_energy,max_power,total_cost,description,elapsed_time,renewable_cap_0,renewable_cap_1
0,"[58.83178411412909, 57.3536449312108]",61.0,28.90590577792722,11.927287711453758,227435547.46648735,benchmark,16680.7441034317,58.83178411412909,57.3536449312108
