,renewable_cap,N,max_energy,max_power,total_cost,description,elapsed_time,renewable_cap_0,renewable_cap_1
0,"[119.06734374619181, 90.79517281717354]",34.0,104.95702032480533,34.18608861757491,333283762.1608459,benchmark,1362.0237004756927,119.06734374619181,90.79517281717354
