,renewable_cap,N,max_energy,max_power,total_cost,description,elapsed_time,renewable_cap_0,renewable_cap_1
0,"[52.42193005511501, 54.25595678589952]",63.0,28.68912270642914,12.119178072949593,218459601.87513953,benchmark,18326.669995307922,52.42193005511501,54.25595678589952
