,renewable_cap,max_energy,max_power,total_cost,description,elapsed_time,renewable_cap_0,renewable_cap_1
0,"[166.5384616563764, 150.16065674934862]",498.18370835719327,56.39457468581436,506548216.8118984,benchmark,91.03057742118835,166.5384616563764,150.16065674934862
