,renewable_cap,N,max_energy,max_power,total_cost,description,elapsed_time,renewable_cap_0,renewable_cap_1
0,"[80.99732046686736, 73.06211832977756]",51.0,43.99427361797179,20.16864365962696,269427527.66490215,benchmark,6713.808393478394,80.99732046686736,73.06211832977756
