,renewable_cap,N,max_energy,max_power,total_cost,description,elapsed_time,renewable_cap_0,renewable_cap_1
0,"[112.53422439750011, 97.20362031193325]",38.0,139.0540220475324,30.59287658620526,346742506.52180135,benchmark,3205.975774049759,112.53422439750011,97.20362031193325
