,renewable_cap,N,max_energy,max_power,total_cost,description,elapsed_time,renewable_cap_0,renewable_cap_1
0,"[27.527867375698698, 71.32029168731162]",61.0,44.40157197208788,18.054161882704747,206636903.40942284,benchmark,6992.378407716751,27.527867375698698,71.32029168731162
