,renewable_cap,N,max_energy,max_power,total_cost,description,elapsed_time,renewable_cap_0,renewable_cap_1
0,"[101.92241272565009, 85.51227539759694]",42.0,89.48151312594872,27.758443587748626,312652614.25832486,benchmark,2832.7490377426147,101.92241272565009,85.51227539759694
