,renewable_cap,N,max_energy,max_power,total_cost,description,elapsed_time,renewable_cap_0,renewable_cap_1
0,"[71.16951070117085, 69.1906781664067]",54.0,37.688201947996106,17.774854888977806,253819151.64312533,benchmark,10662.68510389328,71.16951070117085,69.1906781664067
