,renewable_cap,N,max_energy,max_power,total_cost,description,elapsed_time,renewable_cap_0,renewable_cap_1
0,"[92.08973793194737, 77.59848838388315]",47.0,57.38138008114257,23.60586621994628,288412546.11698925,benchmark,3670.8133249282837,92.08973793194737,77.59848838388315
