,renewable_cap,N,max_energy,max_power,total_cost,description,elapsed_time,renewable_cap_0,renewable_cap_1
0,"[39.76901977515975, 68.3918642364251]",61.0,33.99403767314043,16.323424660837077,217512228.26052538,benchmark,8231.56013250351,39.76901977515975,68.3918642364251
