,renewable_cap,N,max_energy,max_power,total_cost,description,elapsed_time,renewable_cap_0,renewable_cap_1
0,"[51.10258019371186, 66.72932276624688]",59.0,33.26628712041338,15.87298653036365,228673463.52672207,benchmark,20406.509635210037,51.10258019371186,66.72932276624688
