,renewable_cap,N,max_energy,max_power,total_cost,description,elapsed_time,renewable_cap_0,renewable_cap_1
0,"[61.878095267690504, 66.46531246134826]",57.0,33.114320213520784,16.088352924148023,240660111.78193346,benchmark,7981.93839597702,61.878095267690504,66.46531246134826
