,renewable_cap,N,max_energy,max_power,total_cost,description,elapsed_time,renewable_cap_0,renewable_cap_1
0,"[113.81828124628275, 119.30339569229265]",29.0,292.618922248348,44.25107472748178,397030779.333751,benchmark,1487.2576372623444,113.81828124628275,119.30339569229265
