,renewable_cap,N,max_energy,max_power,total_cost,description,elapsed_time,renewable_cap_0,renewable_cap_1
0,"[80.37552276079808, 65.68119532228796]",43.0,58.45250649993449,17.914126714115444,252121289.40895367,benchmark,2854.1296808719635,80.37552276079808,65.68119532228796
