,renewable_cap,N,max_energy,max_power,total_cost,description,elapsed_time,renewable_cap_0,renewable_cap_1
0,"[114.12033824194067, 84.37597777889492]",32.0,72.33881183437373,24.87462661954273,309510770.82103103,benchmark,2382.9408898353577,114.12033824194067,84.37597777889492
