,renewable_cap,N,max_energy,max_power,total_cost,description,elapsed_time,renewable_cap_0,renewable_cap_1
0,"[72.36232811568495, 59.65135703615063]",50.0,38.98248139007452,14.449436168360904,237976127.09500632,benchmark,6458.020204544067,72.36232811568495,59.65135703615063
