,renewable_cap,N,max_energy,max_power,total_cost,description,elapsed_time,renewable_cap_0,renewable_cap_1
0,"[44.56656956195758, 49.98868213949326]",61.0,32.6350645487316,12.586158187667074,202774928.76808023,benchmark,1518.6974639892578,44.56656956195758,49.98868213949326
