,renewable_cap,N,max_energy,max_power,total_cost,description,elapsed_time,renewable_cap_0,renewable_cap_1
0,"[31.52118765577591, 48.84274277903162]",65.0,31.15233530811159,11.660324007035577,189689269.60911334,benchmark,3063.2616696357727,31.52118765577591,48.84274277903162
