,renewable_cap,N,max_energy,max_power,total_cost,description,elapsed_time,renewable_cap_0,renewable_cap_1
0,"[64.41491013235903, 55.56617717872976]",53.0,39.444887997167015,13.783174832718144,226819566.60232568,benchmark,4050.2717192173004,64.41491013235903,55.56617717872976
