,renewable_cap,N,max_energy,max_power,total_cost,description,elapsed_time,renewable_cap_0,renewable_cap_1
0,"[38.541033604412235, 48.509248339644934]",64.0,27.749561697161518,11.590052813523416,196167477.1485555,benchmark,1966.3981227874756,38.541033604412235,48.509248339644934
