,renewable_cap,N,max_energy,max_power,total_cost,description,elapsed_time,renewable_cap_0,renewable_cap_1
0,"[59.11869318465151, 49.975718900452584]",55.0,43.296372536994355,14.266846595834568,217836314.41862237,benchmark,3149.3207292556763,59.11869318465151,49.975718900452584
