,renewable_cap,N,max_energy,max_power,total_cost,description,elapsed_time,renewable_cap_0,renewable_cap_1
0,"[91.28945545618438, 75.26505299085599]",38.0,64.31409680911096,20.244925806168684,272762987.32241935,benchmark,2282.696529865265,91.28945545618438,75.26505299085599
