,renewable_cap,N,max_energy,max_power,total_cost,description,elapsed_time,renewable_cap_0,renewable_cap_1
0,"[51.70835175610899, 49.55998326516449]",59.0,34.18562130610325,13.127956349346952,209899243.62040192,benchmark,4484.094974756241,51.70835175610899,49.55998326516449
