,renewable_cap,N,max_energy,max_power,total_cost,description,elapsed_time,renewable_cap_0,renewable_cap_1
0,"[64.50825001997319, 64.94952092410674]",45.0,73.71789831483981,24.08625749803594,161295392.85209057,benchmark,14271.132278203964,64.50825001997319,64.94952092410674
