,renewable_cap,N,max_energy,max_power,total_cost,description,elapsed_time,renewable_cap_0,renewable_cap_1
0,"[56.65679955605623, 74.24609976594851]",45.0,77.4539031524135,24.441881978753038,176005424.03086138,benchmark,34147.69253492355,56.65679955605623,74.24609976594851
