,renewable_cap,N,max_energy,max_power,total_cost,description,elapsed_time,renewable_cap_0,renewable_cap_1
0,"[97.20105071042349, 104.96888266923042]",41.0,170.82262813137984,31.119520512881305,347161319.1616947,benchmark,3630.312774658203,97.20105071042349,104.96888266923042
