,renewable_cap,N,max_energy,max_power,total_cost,description,elapsed_time,renewable_cap_0,renewable_cap_1
0,"[67.36241696951627, 84.12056101904533]",49.0,90.26228272393331,23.655178309749292,272729068.9896997,benchmark,4692.542498826981,67.36241696951627,84.12056101904533
