,renewable_cap,N,max_energy,max_power,total_cost,description,elapsed_time,renewable_cap_0,renewable_cap_1
0,"[81.02590202799497, 87.1922687695683]",48.0,85.46386270595487,23.765807418218472,292539948.5140861,benchmark,6760.206399202347,81.02590202799497,87.1922687695683
