,renewable_cap,N,max_energy,max_power,total_cost,description,elapsed_time,renewable_cap_0,renewable_cap_1
0,"[94.09216475457745, 123.90772328690205]",34.0,284.2699037056384,44.362309364743574,383241073.16792756,benchmark,2339.631260871887,94.09216475457745,123.90772328690205
