,renewable_cap,N,max_energy,max_power,total_cost,description,elapsed_time,renewable_cap_0,renewable_cap_1
0,"[19.459445771161644, 82.88362958573511]",63.0,48.414337428397765,17.394616396760924,210001363.80050772,benchmark,37166.923560380936,19.459445771161644,82.88362958573511
