,renewable_cap,N,max_energy,max_power,total_cost,description,elapsed_time,renewable_cap_0,renewable_cap_1
0,"[93.10161356391244, 91.82587673461491]",45.0,109.76227470734821,27.658739211208697,317157180.68482655,benchmark,7331.964046001434,93.10161356391244,91.82587673461491
