,renewable_cap,N,max_energy,max_power,total_cost,description,elapsed_time,renewable_cap_0,renewable_cap_1
0,"[29.238136260795795, 85.31459481110494]",58.0,59.483052736166215,20.039767333717517,223384211.4354036,benchmark,9005.8681473732,29.238136260795795,85.31459481110494
