,renewable_cap,N,max_energy,max_power,total_cost,description,elapsed_time,renewable_cap_0,renewable_cap_1
0,"[44.61615898820251, 82.35386074773277]",57.0,54.41045402268554,18.419334368428203,238976202.2913779,benchmark,8249.059731721878,44.61615898820251,82.35386074773277
