,renewable_cap,N,max_energy,max_power,total_cost,description,elapsed_time,renewable_cap_0,renewable_cap_1
0,"[91.48556127754124, 150.65112470514]",25.0,430.92353867989345,61.41858893134087,432975390.5766717,benchmark,1706.6014213562012,91.48556127754124,150.65112470514
