,renewable_cap,N,max_energy,max_power,total_cost,description,elapsed_time,renewable_cap_0,renewable_cap_1
0,"[57.44886544331765, 81.76662223543207]",54.0,64.25115202291056,20.089772804546843,255329007.9244659,benchmark,7626.095444917679,57.44886544331765,81.76662223543207
