,renewable_cap,N,max_energy,max_power,total_cost,description,elapsed_time,renewable_cap_0,renewable_cap_1
0,"[65.71163188177998, 63.72334658624011]",55.0,55.91105652185444,18.905778431907603,245245060.96527496,benchmark,3200.255699634552,65.71163188177998,63.72334658624011
