,renewable_cap,N,max_energy,max_power,total_cost,description,elapsed_time,renewable_cap_0,renewable_cap_1
0,"[57.42164855263364, 61.831067301414016]",56.0,57.1897757496306,18.726501259825273,233818362.50518438,benchmark,10308.508497953415,57.42164855263364,61.831067301414016
