,renewable_cap,N,max_energy,max_power,total_cost,description,elapsed_time,renewable_cap_0,renewable_cap_1
0,"[73.67774608204148, 67.42113631741871]",52.0,62.41085647163537,21.22130708023162,258008744.180644,benchmark,11882.979877710342,73.67774608204148,67.42113631741871
