,renewable_cap,N,max_energy,max_power,total_cost,description,elapsed_time,renewable_cap_0,renewable_cap_1
0,"[103.472996549315, 89.27181358252764]",36.0,114.44202916608464,35.66781453116851,316907052.6095077,benchmark,6081.156156539917,103.472996549315,89.27181358252764
