,renewable_cap,N,max_energy,max_power,total_cost,description,elapsed_time,renewable_cap_0,renewable_cap_1
0,"[31.191326153161505, 63.00091281045923]",64.0,34.005153595444646,14.053276969360809,203732150.63636112,benchmark,7726.816513299942,31.191326153161505,63.00091281045923
