,renewable_cap,N,max_energy,max_power,total_cost,description,elapsed_time,renewable_cap_0,renewable_cap_1
0,"[82.47142047083184, 72.47740951253277]",49.0,67.94409991228598,24.02268177158308,273178777.2418532,benchmark,9019.662674665451,82.47142047083184,72.47740951253277
