,renewable_cap,N,max_energy,max_power,total_cost,description,elapsed_time,renewable_cap_0,renewable_cap_1
0,"[125.87881032242194, 99.27012699493352]",30.0,159.33707122182065,40.06106468739575,362101153.6751725,benchmark,1468.161030292511,125.87881032242194,99.27012699493352
