,renewable_cap,N,max_energy,max_power,total_cost,description,elapsed_time,renewable_cap_0,renewable_cap_1
0,"[37.048360765311415, 66.87402484910837]",62.0,36.81733515130949,16.044181220581997,213431184.9603293,benchmark,4906.824277877808,37.048360765311415,66.87402484910837
