,renewable_cap,N,max_energy,max_power,total_cost,description,elapsed_time,renewable_cap_0,renewable_cap_1
0,"[47.5264637393979, 63.75956013543545]",59.0,47.511234649801104,17.576507276250364,223538861.4506757,benchmark,4024.8414463996887,47.5264637393979,63.75956013543545
