,renewable_cap,N,max_energy,max_power,total_cost,description,elapsed_time,renewable_cap_0,renewable_cap_1
0,"[88.5831179308139, 82.32442418933194]",41.0,104.66999291477593,31.268974994306486,292100162.07863504,benchmark,4079.9403948783875,88.5831179308139,82.32442418933194
