,renewable_cap,max_energy,max_power,total_cost,description,elapsed_time,renewable_cap_0,renewable_cap_1
0,"[127.62494885220686, 173.92230733343416]",628.9303634409841,57.70619671890267,288629901.4250288,benchmark,575.5075578689575,127.62494885220686,173.92230733343416
