,renewable_cap,max_energy,max_power,total_cost,description,elapsed_time,renewable_cap_0,renewable_cap_1
0,"[127.62494885220686, 173.92230733343416]",628.9303634409841,57.70619671890267,396617357.5778663,benchmark,525.3185501098633,127.62494885220686,173.92230733343416
