,renewable_cap,max_energy,max_power,total_cost,description,elapsed_time,renewable_cap_0,renewable_cap_1
0,"[153.63935213911327, 117.65328435566803]",756.0230218088998,55.76164143373702,326639915.77849233,benchmark,547.7379987239838,153.63935213911327,117.65328435566803
