,renewable_cap,max_energy,max_power,total_cost,description,elapsed_time,renewable_cap_0,renewable_cap_1
0,"[124.04412252613795, 136.66028841050863]",909.4032575477775,58.025747812534675,361020532.60297495,benchmark,493.97369265556335,124.04412252613795,136.66028841050863
