,renewable_cap,max_energy,max_power,total_cost,description,elapsed_time,renewable_cap_0,renewable_cap_1
0,"[127.4092391667849, 175.89296643785215]",621.5916746608674,57.725446539923524,320535847.86505145,benchmark,655.4400308132172,127.4092391667849,175.89296643785215
