,renewable_cap,max_energy,max_power,total_cost,description,elapsed_time,renewable_cap_0,renewable_cap_1
0,"[141.83335969418556, 138.5868321565265]",714.8491281705453,56.43824546690448,363353034.22176176,benchmark,552.5876071453094,141.83335969418556,138.5868321565265
