,renewable_cap,max_energy,max_power,total_cost,description,elapsed_time,renewable_cap_0,renewable_cap_1
0,"[126.83611482077114, 181.1288588746091]",602.0933327135527,58.588170387109095,350667083.06332946,benchmark,521.0915911197662,126.83611482077114,181.1288588746091
