,renewable_cap,max_energy,max_power,total_cost,description,elapsed_time,renewable_cap_0,renewable_cap_1
0,"[141.57941981035313, 139.19472773569174]",713.3152569262363,56.46090693110471,362223931.7780552,benchmark,577.9565532207489,141.57941981035313,139.19472773569174
