,renewable_cap,max_energy,max_power,total_cost,description,elapsed_time,renewable_cap_0,renewable_cap_1
0,"[126.93107181780864, 181.08001969244245]",601.8752913291659,57.76811794741182,318953011.65821195,benchmark,492.94757080078125,126.93107181780864,181.08001969244245
