,renewable_cap,max_energy,max_power,total_cost,description,elapsed_time,renewable_cap_0,renewable_cap_1
0,"[153.85459713999032, 117.29880939671499]",756.703948735668,55.76724346807592,325524646.5903452,benchmark,618.0733704566956,153.85459713999032,117.29880939671499
