,renewable_cap,max_energy,max_power,total_cost,description,elapsed_time,renewable_cap_0,renewable_cap_1
0,"[124.38197972500065, 136.44998357589952]",907.4815840379946,57.99559761044248,362180770.09573317,benchmark,514.3682281970978,124.38197972500065,136.44998357589952
