,renewable_cap,max_energy,max_power,total_cost,description,elapsed_time,renewable_cap_0,renewable_cap_1
0,"[126.83611482077114, 181.1288588746091]",602.0933327135527,58.588170387109095,351838846.47107166,benchmark,556.6179370880127,126.83611482077114,181.1288588746091
