,renewable_cap,max_energy,max_power,total_cost,description,elapsed_time,renewable_cap_0,renewable_cap_1
0,"[127.56697069023232, 174.4519784630778]",626.957880444025,57.71137066016054,321690234.4440892,benchmark,601.0807454586029,127.56697069023232,174.4519784630778
