,renewable_cap,N,max_energy,max_power,total_cost,description,elapsed_time,renewable_cap_0,renewable_cap_1
0,"[28.643354336860998, 46.968726178834835]",66.57890008960598,29.08236300484367,11.173435658683387,205650510.31405842,benchmark,3913.063934803009,28.643354336860998,46.968726178834835
