,renewable_cap,N,max_energy,max_power,total_cost,description,elapsed_time,renewable_cap_0,renewable_cap_1
0,"[48.678782499206626, 45.88837110786428]",58.947293905233664,42.29352208529957,13.27603279895979,217079004.98973295,benchmark,1945.9204730987549,48.678782499206626,45.88837110786428
