,renewable_cap,N,max_energy,max_power,total_cost,description,elapsed_time,renewable_cap_0,renewable_cap_1
0,"[85.92967322719714, 65.08482596585952]",41.78627862679002,57.14388623923212,25.402883056590333,264390336.24883384,benchmark,2407.8088088035583,85.92967322719714,65.08482596585952
