,renewable_cap,N,max_energy,max_power,total_cost,description,elapsed_time,renewable_cap_0,renewable_cap_1
0,"[36.0412834189222, 45.03267686358781]",63.76098769578388,35.86138253925354,12.17362430861851,209187107.65014744,benchmark,2215.719491481781,36.0412834189222,45.03267686358781
