,renewable_cap,N,max_energy,max_power,total_cost,description,elapsed_time,renewable_cap_0,renewable_cap_1
0,"[68.86622417905106, 54.82751260382983]",51.25778492533077,43.20417024151466,17.880397290867748,237222098.46156067,benchmark,1728.2178115844727,68.86622417905106,54.82751260382983
