,renewable_cap,N,max_energy,max_power,total_cost,description,elapsed_time,renewable_cap_0,renewable_cap_1
0,"[61.838474015612555, 50.55433256353055]",53.93469410715291,44.323201795392336,16.00831824769473,228673855.59736517,benchmark,1680.0011842250824,61.838474015612555,50.55433256353055
