,renewable_cap,N,max_energy,max_power,total_cost,description,elapsed_time,renewable_cap_0,renewable_cap_1
0,"[75.29784233690015, 58.42961611213744]",48.807945744892905,42.56169388194754,19.607052889187866,248400550.3759892,benchmark,2527.052426338196,75.29784233690015,58.42961611213744
