,renewable_cap,N,max_energy,max_power,total_cost,description,elapsed_time,renewable_cap_0,renewable_cap_1
0,"[55.52117527857452, 46.906172148470176]",56.34098838344465,45.09039234644395,14.317124842290355,222158632.77582556,benchmark,1877.596336364746,55.52117527857452,46.906172148470176
