,renewable_cap,N,max_energy,max_power,total_cost,description,elapsed_time,renewable_cap_0,renewable_cap_1
0,"[43.07347478574314, 43.9346693672912]",61.082386834855875,41.38726236677235,13.015606246520278,212893451.40490043,benchmark,2399.400318622589,43.07347478574314,43.9346693672912
