,renewable_cap,N,max_energy,max_power,total_cost,description,elapsed_time,renewable_cap_0,renewable_cap_1
0,"[102.43346631236085, 76.12157731392665]",35.217489215314465,82.92207548743828,30.038209412003226,295782121.63582325,benchmark,4583.235865831375,102.43346631236085,76.12157731392665
