,renewable_cap,N,max_energy,max_power,total_cost,description,elapsed_time,renewable_cap_0,renewable_cap_1
0,"[70.7157497253568, 61.552830844037985]",42.0,68.91326854315757,27.47591175905837,228840017.90827373,benchmark,154.7034831047058,70.7157497253568,61.552830844037985
