,renewable_cap,N,max_energy,max_power,total_cost,description,elapsed_time,renewable_cap_0,renewable_cap_1
0,"[62.874756988741325, 55.776942743995555]",45.0,65.64884453129311,24.76543114313723,214068679.71571708,benchmark,255.34497475624084,62.874756988741325,55.776942743995555
