,renewable_cap,N,max_energy,max_power,total_cost,description,elapsed_time,renewable_cap_0,renewable_cap_1
0,"[49.77947054545766, 39.686128543447495]",57.0,36.38124862831481,15.727445791521944,185107629.6915799,benchmark,302.05156803131104,49.77947054545766,39.686128543447495
