,renewable_cap,N,max_energy,max_power,total_cost,description,elapsed_time,renewable_cap_0,renewable_cap_1
0,"[102.92155909219431, 78.8246102342641]",34.0,95.48415361446185,31.615334205141004,290554620.2387026,benchmark,97.30200624465942,102.92155909219431,78.8246102342641
