,renewable_cap,N,max_energy,max_power,total_cost,description,elapsed_time,renewable_cap_0,renewable_cap_1
0,"[52.781970534101085, 45.51204769352619]",52.0,51.62404371496946,19.08194566565562,193363037.86986747,benchmark,253.55881643295288,52.781970534101085,45.51204769352619
