,renewable_cap,N,max_energy,max_power,total_cost,description,elapsed_time,renewable_cap_0,renewable_cap_1
0,"[83.04425133539202, 66.53831189295343]",38.0,82.86463171901143,29.57103968455327,250606368.7057551,benchmark,95.84730982780457,83.04425133539202,66.53831189295343
