,renewable_cap,N,max_energy,max_power,total_cost,description,elapsed_time,renewable_cap_0,renewable_cap_1
0,"[43.08205208912557, 40.74043879568637]",61.0,23.329488023779867,12.36915876077235,177779242.12409216,benchmark,372.2535538673401,43.08205208912557,40.74043879568637
