,renewable_cap,N,max_energy,max_power,total_cost,description,elapsed_time,renewable_cap_0,renewable_cap_1
0,"[38.48294134133154, 38.44373825473372]",63.0,22.535268404562533,10.920501804771378,170964151.75195706,benchmark,1942.363923549652,38.48294134133154,38.44373825473372
