,renewable_cap,N,max_energy,max_power,total_cost,description,elapsed_time,renewable_cap_0,renewable_cap_1
0,"[58.78805117323377, 48.121930436140374]",49.0,57.628925124487935,21.50686751496315,202893979.08734432,benchmark,251.0309340953827,58.78805117323377,48.121930436140374
