,renewable_cap,max_energy,max_power,total_cost,description,elapsed_time,renewable_cap_0,renewable_cap_1
0,"[173.5157133482192, 145.53545610034078]",838.6757553706504,69.1000724,421647725.4495004,benchmark,322.79671907424927,173.5157133482192,145.53545610034078
