,renewable_cap,max_energy,max_power,total_cost,description,elapsed_time,renewable_cap_0,renewable_cap_1
0,"[121.48830352763856, 232.72648914504722]",809.2294086189954,69.1000724,409666212.53702134,benchmark,302.349862575531,121.48830352763856,232.72648914504722
