,renewable_cap,max_energy,max_power,total_cost,description,elapsed_time,renewable_cap_0,renewable_cap_1
0,"[139.19545433414802, 202.99094880314104]",816.9525243809641,69.1000724,339224983.9823092,benchmark,324.21612453460693,139.19545433414802,202.99094880314104
