,renewable_cap,max_energy,max_power,total_cost,description,elapsed_time,renewable_cap_0,renewable_cap_1
0,"[121.48830352763856, 232.72648914504722]",809.2294086189954,69.1000724,411048213.98502135,benchmark,340.20479941368103,121.48830352763856,232.72648914504722
