,renewable_cap,max_energy,max_power,total_cost,description,elapsed_time,renewable_cap_0,renewable_cap_1
0,"[173.5157133482192, 145.53545610034078]",838.6757553706504,69.1000724,420265724.00150037,benchmark,325.1242172718048,173.5157133482192,145.53545610034078
