,renewable_cap,max_energy,max_power,total_cost,description,elapsed_time,renewable_cap_0,renewable_cap_1
0,"[159.6688172907149, 225.72053033065723]",614.771689921864,69.1000724,376157368.5175931,benchmark,309.739337682724,159.6688172907149,225.72053033065723
