,renewable_cap,max_energy,max_power,total_cost,description,elapsed_time,renewable_cap_0,renewable_cap_1
0,"[139.19545433414802, 202.99094880314104]",816.9525243809641,69.1000724,337842982.5343092,benchmark,316.93221378326416,139.19545433414802,202.99094880314104
