,renewable_cap,max_energy,max_power,total_cost,description,elapsed_time,renewable_cap_0,renewable_cap_1
0,"[189.85607083704198, 123.90810759109414]",830.459403605284,69.1000724,376111456.062528,benchmark,497.14686608314514,189.85607083704198,123.90810759109414
