,renewable_cap,max_energy,max_power,total_cost,description,elapsed_time,renewable_cap_0,renewable_cap_1
0,"[219.0886289889449, 105.68395887313616]",735.3136638345219,69.1000724,416978133.5791732,benchmark,321.9691581726074,219.0886289889449,105.68395887313616
