,renewable_cap,max_energy,max_power,total_cost,description,elapsed_time,renewable_cap_0,renewable_cap_1
0,"[120.58300397359558, 233.84248082719256]",811.9930132313618,69.1000724,370583877.8907499,benchmark,334.4825141429901,120.58300397359558,233.84248082719256
