,renewable_cap,max_energy,max_power,total_cost,description,elapsed_time,renewable_cap_0,renewable_cap_1
0,"[170.95827363358782, 149.54934848049592]",838.0880209263165,69.1000724,463573996.0592371,benchmark,341.1840944290161,170.95827363358782,149.54934848049592
