,renewable_cap,N,max_energy,max_power,total_cost,description,elapsed_time,renewable_cap_0,renewable_cap_1
0,"[106.77813165532199, 81.05287106539717]",34.0,89.96138934059962,31.32346478888032,301460950.94788754,benchmark,1074.0734779834747,106.778131655322,81.05287106539717
