,renewable_cap,N,max_energy,max_power,total_cost,description,elapsed_time,renewable_cap_0,renewable_cap_1
0,"[89.31976292885165, 67.84708172298029]",40.0,63.41490106136601,27.21727486083156,264226356.56101844,benchmark,9077.131547927856,89.31976292885165,67.84708172298029
