,renewable_cap,N,max_energy,max_power,total_cost,description,elapsed_time,renewable_cap_0,renewable_cap_1
0,"[50.391062594776784, 44.59253553000652]",58.0,46.550213498120335,14.99068333930198,204559454.9960021,benchmark,2444.211122274399,50.391062594776784,44.59253553000652
