,renewable_cap,N,max_energy,max_power,total_cost,description,elapsed_time,renewable_cap_0,renewable_cap_1
0,"[58.278756547000654, 48.56422430082646]",49.0,49.583083948987536,20.517541097062235,209007653.33129534,benchmark,7485.541856050491,58.278756547000654,48.56422430082646
