,renewable_cap,N,max_energy,max_power,total_cost,description,elapsed_time,renewable_cap_0,renewable_cap_1
0,"[83.09596383999299, 60.64762694153561]",40.0,64.43445824594406,23.79351690568754,247806329.83162627,benchmark,5358.085481643677,83.09596383999299,60.64762694153561
