,renewable_cap,N,max_energy,max_power,total_cost,description,elapsed_time,renewable_cap_0,renewable_cap_1
0,"[73.95158835400638, 53.690199517816055]",44.0,53.60048678418323,22.177195167208552,230336620.52831006,benchmark,5368.353367805481,73.95158835400638,53.690199517816055
