,renewable_cap,N,max_energy,max_power,total_cost,description,elapsed_time,renewable_cap_0,renewable_cap_1
0,"[93.79546857625485, 73.05478619510633]",32.0,106.63326069935185,30.024249741816796,276246399.00102246,benchmark,2209.70005774498,93.79546857625485,73.05478619510633
