,renewable_cap,N,max_energy,max_power,total_cost,description,elapsed_time,renewable_cap_0,renewable_cap_1
0,"[52.383122120378225, 45.90633389569127]",51.0,49.11954373849299,19.81209236911915,201222339.33242667,benchmark,11723.485513687134,52.383122120378225,45.90633389569127
