,renewable_cap,N,max_energy,max_power,total_cost,description,elapsed_time,renewable_cap_0,renewable_cap_1
0,"[49.26504428921182, 40.77682831625541]",55.0,39.64110212439593,17.50196855019082,194524582.5505533,benchmark,8934.05211186409,49.26504428921182,40.77682831625541
