,renewable_cap,N,max_energy,max_power,total_cost,description,elapsed_time,renewable_cap_0,renewable_cap_1
0,"[30.053910881562487, 42.655351229300784]",61.0,31.132339232977174,14.125059888801344,177341761.7822454,benchmark,13703.591398715973,30.053910881562487,42.655351229300784
