,renewable_cap,N,max_energy,max_power,total_cost,description,elapsed_time,renewable_cap_0,renewable_cap_1
0,"[64.62626520659988, 51.65607194844925]",47.0,49.116625788239574,20.81199470105918,218100574.1079786,benchmark,3450.941176891327,64.62626520659988,51.65607194844925
