,renewable_cap,N,max_energy,max_power,total_cost,description,elapsed_time,renewable_cap_0,renewable_cap_1
0,"[44.35094298041078, 38.799016340352196]",58.0,33.80042274550431,16.07312337573672,188573873.20428598,benchmark,4454.051129817963,44.35094298041078,38.799016340352196
