,renewable_cap,N,max_energy,max_power,total_cost,description,elapsed_time,renewable_cap_0,renewable_cap_1
0,"[36.01822818917196, 42.73376047286799]",59.0,33.00039905728147,15.121765775581032,182672569.99154603,benchmark,4966.035403251648,36.01822818917196,42.73376047286799
