,renewable_cap,N,max_energy,max_power,total_cost,description,elapsed_time,renewable_cap_0,renewable_cap_1
0,"[67.74465269993341, 46.31704487917184]",55.0,29.781313667340065,13.642972673871629,220367099.64704794,benchmark,5698.823226213455,67.74465269993341,46.31704487917184
