,renewable_cap,N,max_energy,max_power,total_cost,description,elapsed_time,renewable_cap_0,renewable_cap_1
0,"[43.78955774017427, 36.33361344103572]",66.0,22.637770014620077,10.641761039979592,190457809.64055467,benchmark,3617.7915291786194,43.78955774017427,36.33361344103572
