,renewable_cap,N,max_energy,max_power,total_cost,description,elapsed_time,renewable_cap_0,renewable_cap_1
0,"[38.96301287385972, 34.592804650270374]",68.0,22.119706872637018,9.947583797723418,185348703.82359546,benchmark,14277.684920549393,38.96301287385972,34.592804650270374
