,renewable_cap,N,max_energy,max_power,total_cost,description,elapsed_time,renewable_cap_0,renewable_cap_1
0,"[34.849498231401796, 31.973979993176965]",70.0,22.026540516860685,9.848595051493398,180689372.772158,benchmark,1753.380619764328,34.849498231401796,31.973979993176965
