,renewable_cap,N,max_energy,max_power,total_cost,description,elapsed_time,renewable_cap_0,renewable_cap_1
0,"[81.28010680437143, 63.129791822478744]",42.0,83.88490363670158,24.63901703005922,254123301.30287722,benchmark,1130.1826257705688,81.28010680437143,63.129791822478744
