,renewable_cap,N,max_energy,max_power,total_cost,description,elapsed_time,renewable_cap_0,renewable_cap_1
0,"[55.065347265790685, 38.479361894488136]",61.0,27.953141072699772,12.318256023677876,202648557.2502641,benchmark,5992.27676320076,55.065347265790685,38.479361894488136
