,renewable_cap,N,max_energy,max_power,total_cost,description,elapsed_time,renewable_cap_0,renewable_cap_1
0,"[59.822446038616135, 43.835706827465735]",59.0,24.422161209427884,11.285202403117637,210455711.6605259,benchmark,7387.194609165192,59.822446038616135,43.835706827465735
