,renewable_cap,N,max_energy,max_power,total_cost,description,elapsed_time,renewable_cap_0,renewable_cap_1
0,"[49.487292291386204, 36.92313830950448]",63.0,28.013599157508995,11.811073818742383,196045278.30594593,benchmark,18217.75594806671,49.487292291386204,36.92313830950448
