,renewable_cap,N,max_energy,max_power,total_cost,description,elapsed_time,renewable_cap_0,renewable_cap_1
0,"[74.19793975390287, 54.191455300837035]",50.0,39.0481243053605,17.719583861163198,233496637.6032666,benchmark,5885.671049118042,74.19793975390287,54.191455300837035
