,renewable_cap,N,max_energy,max_power,total_cost,description,elapsed_time,renewable_cap_0,renewable_cap_1
0,"[93.5397875905836, 77.98841171661874]",35.0,130.18330328139876,30.75973446147544,288800777.5009307,benchmark,1560.2835986614227,93.5397875905836,77.98841171661874
