,renewable_cap,N,max_energy,max_power,total_cost,description,elapsed_time,renewable_cap_0,renewable_cap_1
0,"[96.16291062145284, 34.51707062840306]",75.0,41.63239122910037,13.466769335925145,275615109.84941876,benchmark,6132.5314910411835,96.16291062145284,34.51707062840306
