,renewable_cap,N,max_energy,max_power,total_cost,description,elapsed_time,renewable_cap_0,renewable_cap_1
0,"[114.96112541096292, 59.12893007645408]",65.0,104.90453916740941,21.631164822817407,329900746.66001445,benchmark,1810.940862417221,114.96112541096292,59.12893007645408
