,renewable_cap,N,max_energy,max_power,total_cost,description,elapsed_time,renewable_cap_0,renewable_cap_1
0,"[79.59942126017975, 20.34079359818464]",80.0,24.724055733017906,9.063292481254258,241440834.45908856,benchmark,12533.131663560867,79.59942126017975,20.34079359818464
