,renewable_cap,N,max_energy,max_power,total_cost,description,elapsed_time,renewable_cap_0,renewable_cap_1
0,"[142.49932451453148, 99.28999269011545]",45.0,353.48600100821307,40.59949603023733,444074210.7772092,benchmark,945.0624997615814,142.49932451453148,99.28999269011545
