,renewable_cap,N,max_energy,max_power,total_cost,description,elapsed_time,renewable_cap_0,renewable_cap_1
0,"[88.44102824798901, 25.145072366876096]",78.0,29.800904993497216,10.50909198614061,256744416.5784071,benchmark,5732.023854970932,88.44102824798901,25.145072366876096
