,renewable_cap,N,max_energy,max_power,total_cost,description,elapsed_time,renewable_cap_0,renewable_cap_1
0,"[105.08111752284265, 46.465037852495826]",72.0,54.20891269037617,15.412602513976179,299079347.2714122,benchmark,1851.03582239151,105.08111752284265,46.465037852495826
