,renewable_cap,N,max_energy,max_power,total_cost,description,elapsed_time,renewable_cap_0,renewable_cap_1
0,"[73.41265315985319, 13.766034270034448]",81.0,26.22661634731819,8.447592504080106,228891578.56939793,benchmark,6946.128100395203,73.41265315985319,13.766034270034448
