,renewable_cap,N,max_energy,max_power,total_cost,description,elapsed_time,renewable_cap_0,renewable_cap_1
0,"[61.62284396261171, 6.232434809967406]",87.0,7.52858309417141,3.694662642876011,209288820.62144527,benchmark,8342.1127243042,61.62284396261171,6.232434809967406
