,renewable_cap,N,max_energy,max_power,total_cost,description,elapsed_time,renewable_cap_0,renewable_cap_1
0,"[67.21201017567573, 10.052903684977325]",84.0,16.19213518135907,5.774123206578297,218363519.9079811,benchmark,6370.688537597656,67.21201017567573,10.052903684977325
