,renewable_cap,N,max_energy,max_power,total_cost,description,elapsed_time,renewable_cap_0,renewable_cap_1
0,"[127.39256119196692, 75.38407623719098]",56.0,187.08531840761088,29.867739431574602,373179221.6181462,benchmark,1111.2121529579163,127.39256119196692,75.38407623719098
