,renewable_cap,max_energy,max_power,total_cost,description,elapsed_time,renewable_cap_0,renewable_cap_1
0,"[162.97483795569306, 145.10780056613208]",1466.2188154750063,72.96758160538076,509383551.7826674,benchmark,656.0690627098083,162.97483795569306,145.10780056613208
