,renewable_cap,max_energy,max_power,total_cost,description,elapsed_time,renewable_cap_0,renewable_cap_1
0,"[175.42471744553097, 119.27431677602864]",1527.8838934548512,69.81608754971991,433688486.2727307,benchmark,455.67511320114136,175.42471744553097,119.27431677602864
