,renewable_cap,max_energy,max_power,total_cost,description,elapsed_time,renewable_cap_0,renewable_cap_1
0,"[135.9172006887755, 203.97642790470192]",1335.5316998347093,79.20344337388272,396787409.99762434,benchmark,440.24327206611633,135.9172006887755,203.97642790470192
