,renewable_cap,max_energy,max_power,total_cost,description,elapsed_time,renewable_cap_0,renewable_cap_1
0,"[140.47291182331352, 193.97118005265523]",1353.7424369218784,79.07204695454722,548169433.9768194,benchmark,856.4954264163971,140.47291182331352,193.97118005265523
