,renewable_cap,max_energy,max_power,total_cost,description,elapsed_time,renewable_cap_0,renewable_cap_1
0,"[164.38739114940708, 142.5829715362524]",1471.4282293202257,70.78253125651591,510810713.1707592,benchmark,477.0635004043579,164.38739114940708,142.5829715362524
