,renewable_cap,max_energy,max_power,total_cost,description,elapsed_time,renewable_cap_0,renewable_cap_1
0,"[175.53921577361535, 119.17952424464342]",1527.927392687156,69.14685200451545,435082706.6314057,benchmark,603.1627373695374,175.53921577361535,119.17952424464342
