,renewable_cap,max_energy,max_power,total_cost,description,elapsed_time,renewable_cap_0,renewable_cap_1
0,"[115.88773271448355, 275.6121699174704]",1168.746348503186,69.1000724,460963959.00155747,benchmark,621.2301762104034,115.88773271448355,275.6121699174704
