,renewable_cap,max_energy,max_power,total_cost,description,elapsed_time,renewable_cap_0,renewable_cap_1
0,"[140.47291182331355, 193.97118005265517]",1353.7424369218782,79.07204695454722,546587993.0377284,benchmark,687.5548350811005,140.47291182331355,193.97118005265517
