,renewable_cap,max_energy,max_power,total_cost,description,elapsed_time,renewable_cap_0,renewable_cap_1
0,"[111.87491403323335, 255.86292621152822]",1242.2969934238245,90.50354914515759,425648205.916016,benchmark,982.3502690792084,111.87491403323335,255.86292621152822
