,renewable_cap,max_energy,max_power,total_cost,description,elapsed_time,renewable_cap_0,renewable_cap_1
0,"[161.63171677981296, 147.7878231109261]",1460.2094159076923,74.44587485341981,476801948.21113497,benchmark,619.8438220024109,161.63171677981296,147.7878231109261
