,renewable_cap,max_energy,max_power,total_cost,description,elapsed_time,renewable_cap_0,renewable_cap_1
0,"[135.50929123860345, 204.5254055352164]",1334.9891843598205,80.73955634170436,395189857.9433335,benchmark,849.7827320098877,135.50929123860345,204.5254055352164
