,renewable_cap,max_energy,max_power,total_cost,description,elapsed_time,renewable_cap_0,renewable_cap_1
0,"[115.11896960286911, 265.90337924077505]",1201.4228624161724,73.6391298026668,459528514.1808534,benchmark,1174.3310286998749,115.11896960286911,265.90337924077505
