,renewable_cap,max_energy,max_power,total_cost,description,elapsed_time,renewable_cap_0,renewable_cap_1
0,"[162.62188207391796, 145.8414573650621]",1464.528532205813,73.0573570925713,478274105.5102779,benchmark,940.7380564212799,162.62188207391796,145.8414573650621
