,renewable_cap,max_energy,max_power,total_cost,description,elapsed_time,renewable_cap_0,renewable_cap_1
0,"[98.66086036096785, 295.5941196673909]",1155.980228274615,89.20202916545287,485961717.0562992,benchmark,1404.851154088974,98.66086036096785,295.5941196673909
