,renewable_cap,max_energy,max_power,total_cost,description,elapsed_time,renewable_cap_0,renewable_cap_1
0,"[113.29182651649018, 252.813689094818]",1247.764568277078,88.64954957034982,427436188.7987844,benchmark,612.0834970474243,113.29182651649018,252.813689094818
