,renewable_cap,max_energy,max_power,total_cost,description,elapsed_time,renewable_cap_0,renewable_cap_1
0,"[99.03072105319428, 301.9985511911964]",1135.1027416863853,85.12039834487805,487702575.73292667,benchmark,1158.0028471946716,99.03072105319428,301.9985511911964
