,renewable_cap,N,max_energy,max_power,total_cost,description,elapsed_time,renewable_cap_0,renewable_cap_1
0,"[56.99831017682592, 45.277097908166745]",56.0,46.99533725751843,14.967830696835946,211809386.51702625,benchmark,11141.404947757721,56.99831017682592,45.277097908166745
