,renewable_cap,N,max_energy,max_power,total_cost,description,elapsed_time,renewable_cap_0,renewable_cap_1
0,"[30.583757615780684, 45.673852778459306]",67.0,26.677268401681776,10.390879216331138,186073724.62619564,benchmark,5751.691625356674,30.583757615780684,45.673852778459306
