,renewable_cap,N,max_energy,max_power,total_cost,description,elapsed_time,renewable_cap_0,renewable_cap_1
0,"[68.61480464576628, 53.04462584376399]",45.0,56.734233969753014,24.153485431350408,217853735.3027168,benchmark,219.41228485107422,68.61480464576628,53.04462584376399
