,renewable_cap,N,max_energy,max_power,total_cost,description,elapsed_time,renewable_cap_0,renewable_cap_1
0,"[86.36163501667963, 67.2110752376035]",36.0,77.46277837715371,30.95001130872751,253186135.6759772,benchmark,268.4664866924286,86.36163501667963,67.2110752376035
