,renewable_cap,N,max_energy,max_power,total_cost,description,elapsed_time,renewable_cap_0,renewable_cap_1
0,"[49.6430652518725, 45.08309931192319]",58.0,22.729368203257106,13.149533929036568,188274677.19701695,benchmark,1557.8204996585846,49.6430652518725,45.08309931192319
