,renewable_cap,N,max_energy,max_power,total_cost,description,elapsed_time,renewable_cap_0,renewable_cap_1
0,"[53.90480809511629, 49.201301309923764]",52.0,41.18001414391507,18.58453893945119,196486891.08543223,benchmark,510.51643991470337,53.90480809511629,49.201301309923764
