,renewable_cap,N,max_energy,max_power,total_cost,description,elapsed_time,renewable_cap_0,renewable_cap_1
0,"[30.882982697934654, 44.489687340910386]",63.0,25.502116147466914,11.23077969095058,166924344.35052076,benchmark,575.1950387954712,30.882982697934654,44.489687340910386
