,renewable_cap,N,max_energy,max_power,total_cost,description,elapsed_time,renewable_cap_0,renewable_cap_1
0,"[74.4755457650551, 61.076604291456036]",40.0,70.2072263681521,28.25794936557398,232261853.19793302,benchmark,151.34791326522827,74.4755457650551,61.076604291456036
