,renewable_cap,N,max_energy,max_power,total_cost,description,elapsed_time,renewable_cap_0,renewable_cap_1
0,"[37.04151022091911, 44.54817797062481]",62.0,21.744530957294657,10.237448056797676,173714934.27350494,benchmark,433.8119511604309,37.04151022091911,44.54817797062481
