,renewable_cap,N,max_energy,max_power,total_cost,description,elapsed_time,renewable_cap_0,renewable_cap_1
0,"[103.62293480193306, 80.2174008858669]",31.0,90.98928833882727,34.30004153389263,289280403.7407391,benchmark,83.07196378707886,103.62293480193306,80.2174008858669
