,renewable_cap,N,max_energy,max_power,total_cost,description,elapsed_time,renewable_cap_0,renewable_cap_1
0,"[61.33818923409471, 49.99354769117988]",49.0,46.0812384712375,20.918941832064583,206034553.83098322,benchmark,222.74864864349365,61.33818923409471,49.99354769117988
