,renewable_cap,N,max_energy,max_power,total_cost,description,elapsed_time,renewable_cap_0,renewable_cap_1
0,"[43.633793105678905, 44.05895144354405]",60.0,23.01993982907217,12.006454032025896,180834703.0912978,benchmark,1279.7478601932526,43.633793105678905,44.05895144354405
