,renewable_cap,max_energy,max_power,total_cost,description,elapsed_time,renewable_cap_0,renewable_cap_1
0,"[138.77795020343973, 191.59025539192018]",559.774557842632,70.12045692284619,364377385.2457541,benchmark,310.19553804397583,138.77795020343973,191.59025539192018
