,renewable_cap,max_energy,max_power,total_cost,description,elapsed_time,renewable_cap_0,renewable_cap_1
0,"[149.63117082502947, 137.92189533278278]",729.1454298447136,69.1000724,411187188.1657939,benchmark,309.7367944717407,149.63117082502947,137.92189533278278
