,renewable_cap,max_energy,max_power,total_cost,description,elapsed_time,renewable_cap_0,renewable_cap_1
0,"[148.3077859194983, 139.67514625781985]",730.2885829731232,69.1000724,374679590.07075673,benchmark,316.68880105018616,148.3077859194983,139.67514625781985
