,renewable_cap,max_energy,max_power,total_cost,description,elapsed_time,renewable_cap_0,renewable_cap_1
0,"[148.3077859194983, 139.67514625781985]",730.2885829731232,69.1000724,373297588.6227567,benchmark,316.7219364643097,148.3077859194983,139.67514625781985
