,renewable_cap,max_energy,max_power,total_cost,description,elapsed_time,renewable_cap_0,renewable_cap_1
0,"[165.67553422430558, 123.32328468319159]",685.1480334630974,69.1000724,334808992.6636709,benchmark,320.1858208179474,165.67553422430558,123.32328468319159
