,renewable_cap,max_energy,max_power,total_cost,description,elapsed_time,renewable_cap_0,renewable_cap_1
0,"[143.47859523296037, 186.99361909721637]",548.6106907512988,69.1000724,330987749.6224518,benchmark,321.1884927749634,143.47859523296037,186.99361909721637
