,renewable_cap,max_energy,max_power,total_cost,description,elapsed_time,renewable_cap_0,renewable_cap_1
0,"[149.63117082502947, 137.92189533278278]",729.1454298447136,69.1000724,409805186.7177939,benchmark,292.1016278266907,149.63117082502947,137.92189533278278
