,renewable_cap,max_energy,max_power,total_cost,description,elapsed_time,renewable_cap_0,renewable_cap_1
0,"[211.1133776301223, 96.91960805093935]",507.0948947816633,69.1000724,366553962.34875387,benchmark,323.7170808315277,211.1133776301223,96.91960805093935
