,renewable_cap,max_energy,max_power,total_cost,description,elapsed_time,renewable_cap_0,renewable_cap_1
0,"[134.40560871298055, 171.95892761832658]",677.6177717192986,69.1000724,335311710.2994628,benchmark,499.21708250045776,134.40560871298055,171.95892761832658
