,renewable_cap,max_energy,max_power,total_cost,description,elapsed_time,renewable_cap_0,renewable_cap_1
0,"[211.1133776301223, 96.91960805093935]",507.0948947816633,69.1000724,365171960.90075386,benchmark,297.04286766052246,211.1133776301223,96.91960805093935
