,renewable_cap,max_energy,max_power,total_cost,description,elapsed_time,renewable_cap_0,renewable_cap_1
0,"[138.77795020343973, 191.59025539192018]",559.774557842632,70.12045692284619,365779794.38421106,benchmark,329.4523286819458,138.77795020343973,191.59025539192018
