,renewable_cap,max_energy,max_power,total_cost,description,elapsed_time,renewable_cap_0,renewable_cap_1
0,"[117.00422340355551, 326.66531412933483]",1095.6701584249104,91.95363582852649,477727274.11492306,benchmark,2745.0816547870636,117.00422340355551,326.66531412933483
