,renewable_cap,max_energy,max_power,total_cost,description,elapsed_time,renewable_cap_0,renewable_cap_1
0,"[124.82235342918081, 311.71869897364286]",1116.408618493771,86.3302043527481,504587353.9640309,benchmark,1559.4932894706726,124.82235342918081,311.71869897364286
