,renewable_cap,max_energy,max_power,total_cost,description,elapsed_time,renewable_cap_0,renewable_cap_1
0,"[101.09212811630698, 359.70907346923315]",1046.2670826412661,106.96950993387873,531199221.56198925,benchmark,2462.8369283676147,101.09212811630698,359.70907346923315
