,renewable_cap,max_energy,max_power,total_cost,description,elapsed_time,renewable_cap_0,renewable_cap_1
0,"[140.8255401996733, 281.7058406420389]",1157.2291642198877,95.81900610438475,611452488.4191668,benchmark,908.3629086017609,140.8255401996733,281.7058406420389
