,renewable_cap,max_energy,max_power,total_cost,description,elapsed_time,renewable_cap_0,renewable_cap_1
0,"[134.84534749086063, 289.8539887025864]",1150.5659861001857,99.95582617474165,445853850.1608446,benchmark,1944.802324295044,134.84534749086063,289.8539887025864
