,renewable_cap,max_energy,max_power,total_cost,description,elapsed_time,renewable_cap_0,renewable_cap_1
0,"[103.08893995585736, 355.5721191091965]",1052.3296708945563,105.08958009036587,533318848.12032187,benchmark,1638.2143936157227,103.08893995585736,355.5721191091965
