,renewable_cap,max_energy,max_power,total_cost,description,elapsed_time,renewable_cap_0,renewable_cap_1
0,"[190.75205250589562, 215.88980802014498]",1206.667918557327,87.76885486955285,568840651.4010442,benchmark,1227.003656387329,190.75205250589562,215.88980802014498
