,renewable_cap,max_energy,max_power,total_cost,description,elapsed_time,renewable_cap_0,renewable_cap_1
0,"[138.62930744712494, 283.63253603923374]",1157.7670122223349,107.13728193866203,609482569.9475287,benchmark,1287.3361167907715,138.62930744712494,283.63253603923374
