,renewable_cap,max_energy,max_power,total_cost,description,elapsed_time,renewable_cap_0,renewable_cap_1
0,"[150.3881373003772, 268.834481523907]",1167.4416451152777,89.28498763636526,553347265.9923558,benchmark,886.4946668148041,150.3881373003772,268.834481523907
