,renewable_cap,max_energy,max_power,total_cost,description,elapsed_time,renewable_cap_0,renewable_cap_1
0,"[123.55057125478791, 313.15833217409585]",1115.8127896730932,87.65466676974206,502845751.09396267,benchmark,2586.2124693393707,123.55057125478791,313.15833217409585
