,renewable_cap,max_energy,max_power,total_cost,description,elapsed_time,renewable_cap_0,renewable_cap_1
0,"[204.9341890739983, 198.69848810654844]",1217.9493185874067,84.53967567836564,509999529.5805574,benchmark,825.8465886116028,204.9341890739983,198.69848810654844
