,renewable_cap,max_energy,max_power,total_cost,description,elapsed_time,renewable_cap_0,renewable_cap_1
0,"[205.73542443933547, 197.24156650512194]",1220.0325013623387,89.14758696484509,508242999.5006726,benchmark,1173.8743844032288,205.73542443933547,197.24156650512194
