,renewable_cap,max_energy,max_power,total_cost,description,elapsed_time,renewable_cap_0,renewable_cap_1
0,"[134.84329900784812, 290.46176531836164]",1148.8692402628162,97.30700689172545,447843266.687251,benchmark,1976.6878876686096,134.84329900784812,290.46176531836164
