,renewable_cap,max_energy,max_power,total_cost,description,elapsed_time,renewable_cap_0,renewable_cap_1
0,"[119.43811627455972, 321.6434992431233]",1103.159067922591,89.67160680540789,479544285.29478586,benchmark,1517.0433611869812,119.43811627455972,321.6434992431233
