,renewable_cap,max_energy,max_power,total_cost,description,elapsed_time,renewable_cap_0,renewable_cap_1
0,"[147.0249787077012, 272.3238054355415]",1166.7558541368385,100.95665418970293,551363918.3085319,benchmark,1027.8629479408264,147.0249787077012,272.3238054355415
