,renewable_cap,max_energy,max_power,total_cost,description,elapsed_time,renewable_cap_0,renewable_cap_1
0,"[191.08873157613152, 215.88296490991803]",1205.7773813060205,83.71012625857026,570518812.7578641,benchmark,940.1481380462646,191.08873157613152,215.88296490991803
