,renewable_cap,N,max_energy,max_power,total_cost,description,elapsed_time,renewable_cap_0,renewable_cap_1
0,"[102.54654910153499, 76.46029316828432]",35.0,86.24096435360326,31.042962858402433,294845358.3880292,benchmark,7620.200380086899,102.54654910153499,76.46029316828432
