,renewable_cap,N,max_energy,max_power,total_cost,description,elapsed_time,renewable_cap_0,renewable_cap_1
0,"[61.805400329052745, 50.10456889708861]",54.0,44.62554150993614,16.033120458818512,225227363.28940317,benchmark,12551.649517297745,61.805400329052745,50.10456889708861
