,renewable_cap,N,max_energy,max_power,total_cost,description,elapsed_time,renewable_cap_0,renewable_cap_1
0,"[43.25059638828314, 43.64051165829761]",62.0,37.47788139397807,12.17455908973372,207281432.97256812,benchmark,16696.080604553223,43.25059638828314,43.64051165829761
