,renewable_cap,N,max_energy,max_power,total_cost,description,elapsed_time,renewable_cap_0,renewable_cap_1
0,"[38.22440503485544, 41.342632942604205]",63.0,41.404957912958416,13.063898193114813,202959572.66824594,benchmark,7830.398951768875,38.22440503485544,41.342632942604205
