,renewable_cap,N,max_energy,max_power,total_cost,description,elapsed_time,renewable_cap_0,renewable_cap_1
0,"[75.50798104681478, 59.174318244538355]",49.0,40.901291136794796,19.36419216498288,245758736.4842822,benchmark,13392.024006605148,75.50798104681478,59.174318244538355
