,renewable_cap,N,max_energy,max_power,total_cost,description,elapsed_time,renewable_cap_0,renewable_cap_1
0,"[55.81649959983761, 46.39413669338552]",57.0,42.46974268384881,13.654270096301989,217978565.575335,benchmark,13766.530736207962,55.81649959983761,46.39413669338552
