,renewable_cap,N,max_energy,max_power,total_cost,description,elapsed_time,renewable_cap_0,renewable_cap_1
0,"[49.02062846768816, 45.31272420660543]",60.0,37.950600854289604,12.374121962822727,212215272.5712899,benchmark,13793.686110258102,49.02062846768816,45.31272420660543
