,renewable_cap,N,max_energy,max_power,total_cost,description,elapsed_time,renewable_cap_0,renewable_cap_1
0,"[68.83613002641542, 51.966633447472745]",52.0,43.476452562981976,17.625543854087333,234276158.60349113,benchmark,12950.707468032837,68.83613002641542,51.966633447472745
