,renewable_cap,N,max_energy,max_power,total_cost,description,elapsed_time,renewable_cap_0,renewable_cap_1
0,"[87.07142636006459, 64.1807981925515]",42.0,55.98740537728031,25.343121716593707,262352998.36428002,benchmark,9116.641595602036,87.07142636006459,64.1807981925515
