,renewable_cap,N,max_energy,max_power,total_cost,description,elapsed_time,renewable_cap_0,renewable_cap_1
0,"[30.472027409394318, 43.94914012071354]",68.0,24.488616178148533,9.675306327175349,198795168.86064804,benchmark,14770.266751289368,30.472027409394318,43.94914012071354
