,renewable_cap,max_energy,max_power,total_cost,description,elapsed_time,renewable_cap_0,renewable_cap_1
0,"[107.50933175035445, 277.4504305025659]",1019.8985203671518,69.1000724,454940853.617201,benchmark,1019.015944480896,107.50933175035445,277.4504305025659
