,renewable_cap,max_energy,max_power,total_cost,description,elapsed_time,renewable_cap_0,renewable_cap_1
0,"[177.4153045187234, 133.6203644868054]",1225.7727761377914,69.1000724,413440318.8396445,benchmark,440.9629340171814,177.4153045187234,133.6203644868054
