,renewable_cap,max_energy,max_power,total_cost,description,elapsed_time,renewable_cap_0,renewable_cap_1
0,"[129.7628568929877, 195.42598454832338]",1198.11077053102,69.2491322777792,510832199.1193602,benchmark,497.1084680557251,129.7628568929877,195.42598454832338
