,renewable_cap,max_energy,max_power,total_cost,description,elapsed_time,renewable_cap_0,renewable_cap_1
0,"[121.05280524489689, 207.1303238051897]",1194.5420212337528,69.28207026646012,369334647.3332413,benchmark,370.92898058891296,121.05280524489689,207.1303238051897
