,renewable_cap,max_energy,max_power,total_cost,description,elapsed_time,renewable_cap_0,renewable_cap_1
0,"[115.58790475148227, 214.6454868866539]",1191.7020273418316,69.2990958731542,398379773.3006982,benchmark,443.6628506183624,115.58790475148227,214.6454868866539
