,renewable_cap,max_energy,max_power,total_cost,description,elapsed_time,renewable_cap_0,renewable_cap_1
0,"[121.0499969535953, 207.13411593706397]",1194.5408060770517,69.28208049539475,367949005.90085477,benchmark,642.4455947875977,121.0499969535953,207.13411593706397
