,renewable_cap,max_energy,max_power,total_cost,description,elapsed_time,renewable_cap_0,renewable_cap_1
0,"[132.70862405324297, 191.49098481259486]",1199.2356251150172,69.23749508046834,449513578.1620121,benchmark,540.2237684726715,132.70862405324297,191.49098481259486
