,renewable_cap,max_energy,max_power,total_cost,description,elapsed_time,renewable_cap_0,renewable_cap_1
0,"[132.74933753532878, 191.4366728333852]",1199.2509136431752,69.2373326788832,450898326.4487165,benchmark,720.6200332641602,132.74933753532878,191.4366728333852
