,renewable_cap,max_energy,max_power,total_cost,description,elapsed_time,renewable_cap_0,renewable_cap_1
0,"[122.70173238383813, 243.30318560013697]",1066.639425395957,69.1000724,426982078.4465646,benchmark,741.5503661632538,122.70173238383813,243.30318560013697
