,renewable_cap,max_energy,max_power,total_cost,description,elapsed_time,renewable_cap_0,renewable_cap_1
0,"[166.55706045727703, 147.45082014481804]",1218.8853525105412,69.1000724,474558019.93200547,benchmark,600.9620122909546,166.55706045727703,147.45082014481804
