,renewable_cap,max_energy,max_power,total_cost,description,elapsed_time,renewable_cap_0,renewable_cap_1
0,"[129.74911544952357, 195.44437992550817]",1198.1053854823085,69.2491857281076,509447215.87965363,benchmark,815.9353806972504,129.74911544952357,195.44437992550817
