,renewable_cap,max_energy,max_power,total_cost,description,elapsed_time,renewable_cap_0,renewable_cap_1
0,"[178.41317286995363, 248.61970356457596]",1935.9751353639156,80.97252864123284,571622538.3997579,benchmark,338.87135910987854,178.41317286995363,248.61970356457596
