,renewable_cap,max_energy,max_power,total_cost,description,elapsed_time,renewable_cap_0,renewable_cap_1
0,"[277.31472982018215, 114.67957285527025]",1583.176919174317,77.29106621275434,690422330.7503961,benchmark,328.26550698280334,277.31472982018215,114.67957285527025
