,renewable_cap,max_energy,max_power,total_cost,description,elapsed_time,renewable_cap_0,renewable_cap_1
0,"[178.09950429640992, 248.6464081900775]",1939.13491311288,80.98820367950346,570002929.95652,benchmark,312.92697954177856,178.09950429640992,248.6464081900775
