,renewable_cap,max_energy,max_power,total_cost,description,elapsed_time,renewable_cap_0,renewable_cap_1
0,"[277.31472982018215, 114.67957285527025]",1583.176919174317,77.29106621275434,540388981.0123796,benchmark,389.78261494636536,277.31472982018215,114.67957285527025
