,renewable_cap,max_energy,max_power,total_cost,description,elapsed_time,renewable_cap_0,renewable_cap_1
0,"[244.92608690882065, 197.14642130198595]",1493.2983563974956,78.10887400301144,589124371.3310554,benchmark,319.92974495887756,244.92608690882065,197.14642130198595
