,renewable_cap,max_energy,max_power,total_cost,description,elapsed_time,renewable_cap_0,renewable_cap_1
0,"[277.31472982018215, 114.67957285527025]",1583.176919174317,77.29106621275434,541934802.3366348,benchmark,388.50400042533875,277.31472982018215,114.67957285527025
