,renewable_cap,max_energy,max_power,total_cost,description,elapsed_time,renewable_cap_0,renewable_cap_1
0,"[198.99164892899682, 295.34967235339985]",1497.2408358525865,79.4571072376946,647573328.5501455,benchmark,313.0383446216583,198.99164892899682,295.34967235339985
