,renewable_cap,max_energy,max_power,total_cost,description,elapsed_time,renewable_cap_0,renewable_cap_1
0,"[288.21812917194177, 108.29160005223856]",1545.866237412531,76.8010358333987,619381140.432925,benchmark,302.449933052063,288.21812917194177,108.29160005223856
