,renewable_cap,max_energy,max_power,total_cost,description,elapsed_time,renewable_cap_0,renewable_cap_1
0,"[271.3201174506601, 130.93649948351725]",1560.5128925456681,77.43244698384711,513153882.37826866,benchmark,376.7974650859833,271.3201174506601,130.93649948351725
