,renewable_cap,max_energy,max_power,total_cost,description,elapsed_time,renewable_cap_0,renewable_cap_1
0,"[271.3201174506601, 130.93649948351725]",1560.5128925456681,77.43244698384711,511605233.4385917,benchmark,321.2995216846466,271.3201174506601,130.93649948351725
