,renewable_cap,max_energy,max_power,total_cost,description,elapsed_time,renewable_cap_0,renewable_cap_1
0,"[249.3282187398739, 125.91509299359925]",1816.0227485582745,78.80033248464751,608790189.8208921,benchmark,343.26740741729736,249.3282187398739,125.91509299359925
