,renewable_cap,max_energy,max_power,total_cost,description,elapsed_time,renewable_cap_0,renewable_cap_1
0,"[198.58556959996704, 296.1872770540597]",1497.4496844120551,79.4693331029567,645984047.9845995,benchmark,309.6658651828766,198.58556959996704,296.1872770540597
