,renewable_cap,max_energy,max_power,total_cost,description,elapsed_time,renewable_cap_0,renewable_cap_1
0,"[249.68521957749874, 125.77219899202952]",1813.0326360340623,78.58399740414879,610362118.7054713,benchmark,366.545939207077,249.68521957749874,125.77219899202952
