,renewable_cap,N,max_energy,max_power,total_cost,description,elapsed_time,renewable_cap_0,renewable_cap_1
0,"[69.74579763729255, 54.06981315173744]",51.0,44.539019306823526,18.398034135410196,230947617.79719415,benchmark,6387.665135383606,69.74579763729255,54.06981315173744
