,renewable_cap,N,max_energy,max_power,total_cost,description,elapsed_time,renewable_cap_0,renewable_cap_1
0,"[44.27501411148795, 43.55604295487574]",61.0,40.89971284715322,13.000427105209218,197915567.0660491,benchmark,9600.430727005005,44.27501411148795,43.55604295487574
