,renewable_cap,N,max_energy,max_power,total_cost,description,elapsed_time,renewable_cap_0,renewable_cap_1
0,"[76.8560158466271, 60.85891512087445]",45.0,59.57801921320078,23.5826470245068,244499183.8628484,benchmark,3238.7218396663666,76.8560158466271,60.85891512087445
