,renewable_cap,N,max_energy,max_power,total_cost,description,elapsed_time,renewable_cap_0,renewable_cap_1
0,"[36.510631469337454, 46.388864443238845]",64.0,33.118492732548816,12.04061938316403,192061016.6036366,benchmark,15081.721811532974,36.510631469337454,46.388864443238845
