,renewable_cap,max_energy,max_power,total_cost,description,elapsed_time,renewable_cap_0,renewable_cap_1
0,"[141.39140398961231, 235.69968529444117]",1224.3166804545026,94.85771230004104,572016217.2906183,benchmark,454.68356585502625,141.39140398961231,235.69968529444117
