,renewable_cap,max_energy,max_power,total_cost,description,elapsed_time,renewable_cap_0,renewable_cap_1
0,"[168.06399522671524, 187.7554204759784]",1299.05194331575,94.0973125831141,508922756.62882113,benchmark,371.586128950119,168.06399522671524,187.7554204759784
