,renewable_cap,max_energy,max_power,total_cost,description,elapsed_time,renewable_cap_0,renewable_cap_1
0,"[120.67065825226615, 281.72288562213583]",1138.8847061899073,91.31281194312285,504994227.2205595,benchmark,679.9495513439178,120.67065825226615,281.72288562213583
