,renewable_cap,max_energy,max_power,total_cost,description,elapsed_time,renewable_cap_0,renewable_cap_1
0,"[123.17509990129649, 271.08254911360115]",1165.6415243564961,96.17364647533125,447742953.6189711,benchmark,697.0685815811157,123.17509990129649,271.08254911360115
