,renewable_cap,max_energy,max_power,total_cost,description,elapsed_time,renewable_cap_0,renewable_cap_1
0,"[141.24468293110954, 235.96786698619505]",1223.8909356277811,94.86323818109466,570119013.1420162,benchmark,662.42751121521,141.24468293110954,235.96786698619505
