,renewable_cap,max_energy,max_power,total_cost,description,elapsed_time,renewable_cap_0,renewable_cap_1
0,"[125.38699737040938, 289.62048988572076]",1098.6594141636358,71.99917308878071,474156433.1896831,benchmark,694.2918744087219,125.38699737040938,289.62048988572076
