,renewable_cap,max_energy,max_power,total_cost,description,elapsed_time,renewable_cap_0,renewable_cap_1
0,"[132.86236607469328, 251.33737880292395]",1199.6840602616126,95.19343651892655,414349341.2083062,benchmark,498.1361610889435,132.86236607469328,251.33737880292395
