,renewable_cap,max_energy,max_power,total_cost,description,elapsed_time,renewable_cap_0,renewable_cap_1
0,"[167.82254083832, 187.83772630903664]",1299.532722761234,97.16634869670662,506996088.153253,benchmark,667.7794580459595,167.82254083832,187.83772630903664
