,renewable_cap,max_energy,max_power,total_cost,description,elapsed_time,renewable_cap_0,renewable_cap_1
0,"[122.39807841250271, 272.16782384242913]",1164.5279183907971,101.98830488711435,445804730.41993773,benchmark,990.043863773346,122.39807841250271,272.16782384242913
