,renewable_cap,max_energy,max_power,total_cost,description,elapsed_time,renewable_cap_0,renewable_cap_1
0,"[120.03970572229201, 280.66634298047666]",1144.266051580295,95.66039322309084,503117132.5423639,benchmark,850.8657219409943,120.03970572229201,280.66634298047666
