,renewable_cap,max_energy,max_power,total_cost,description,elapsed_time,renewable_cap_0,renewable_cap_1
0,"[133.22378841682223, 251.30585389984748]",1198.6668786411637,92.47906595707181,416219480.31459326,benchmark,912.1787192821503,133.22378841682223,251.30585389984748
