,renewable_cap,max_energy,max_power,total_cost,description,elapsed_time,renewable_cap_0,renewable_cap_1
0,"[186.80482263345976, 155.25941523013867]",1355.7979331075944,93.92252073013876,463769773.9614191,benchmark,396.63277769088745,186.80482263345976,155.25941523013867
