,renewable_cap,max_energy,max_power,total_cost,description,elapsed_time,renewable_cap_0,renewable_cap_1
0,"[176.25138573512717, 173.3038546726133]",1323.4182676145697,93.9440056555925,529455221.2368191,benchmark,1025.3480384349823,176.25138573512717,173.3038546726133
