,renewable_cap,max_energy,max_power,total_cost,description,elapsed_time,renewable_cap_0,renewable_cap_1
0,"[186.83002344726754, 154.999543227755]",1356.6608120209223,95.95631717412454,461871037.1580881,benchmark,991.4319896697998,186.83002344726754,154.999543227755
