,renewable_cap,max_energy,max_power,total_cost,description,elapsed_time,renewable_cap_0,renewable_cap_1
0,"[176.5610043520823, 174.0850860637817]",1319.6189179227633,88.15663155610443,531287934.457212,benchmark,385.40627932548523,176.5610043520823,174.0850860637817
