,renewable_cap,max_energy,max_power,total_cost,description,elapsed_time,renewable_cap_0,renewable_cap_1
0,"[124.90813007540109, 288.818617014409]",1102.7436363327815,72.97142114439171,472706806.73918486,benchmark,944.2918474674225,124.90813007540109,288.818617014409
