,renewable_cap,N,max_energy,max_power,total_cost,description,elapsed_time,renewable_cap_0,renewable_cap_1
0,"[62.33737257111316, 50.08406547745194]",54.0,44.06561765420071,16.327257185019008,220403579.1169986,benchmark,8216.377734184265,62.33737257111316,50.08406547745194
