,renewable_cap,N,max_energy,max_power,total_cost,description,elapsed_time,renewable_cap_0,renewable_cap_1
0,"[57.9181536659585, 51.961322092326895]",56.0,37.71727349933573,13.482224962293234,208152303.65733168,benchmark,150.39082765579224,57.9181536659585,51.961322092326895
