,renewable_cap,N,max_energy,max_power,total_cost,description,elapsed_time,renewable_cap_0,renewable_cap_1
0,"[91.17155831705664, 75.61811220521011]",38.0,62.935018446106234,20.370607164837175,267140731.87172273,benchmark,421.06316661834717,91.17155831705664,75.61811220521011
