,renewable_cap,N,max_energy,max_power,total_cost,description,elapsed_time,renewable_cap_0,renewable_cap_1
0,"[38.21002889295966, 48.78568983685899]",64.0,27.786819298142873,10.896332065699863,182985127.7204462,benchmark,446.2776687145233,38.21002889295966,48.78568983685899
