,renewable_cap,N,max_energy,max_power,total_cost,description,elapsed_time,renewable_cap_0,renewable_cap_1
0,"[32.74651130440097, 46.811781248578264]",66.0,27.33501757115651,10.733819986258586,175353809.40930107,benchmark,361.95810747146606,32.74651130440097,46.811781248578264
