,renewable_cap,N,max_energy,max_power,total_cost,description,elapsed_time,renewable_cap_0,renewable_cap_1
0,"[43.28976680493276, 51.60977838167553]",61.0,32.02403661781333,11.912063839435486,190743154.48053914,benchmark,542.9456906318665,43.28976680493276,51.60977838167553
