,renewable_cap,N,max_energy,max_power,total_cost,description,elapsed_time,renewable_cap_0,renewable_cap_1
0,"[50.85974468695744, 50.943056368945264]",59.0,33.408887115555586,12.059420656575696,199107373.6984877,benchmark,596.4508380889893,50.85974468695744,50.943056368945264
