,renewable_cap,N,max_energy,max_power,total_cost,description,elapsed_time,renewable_cap_0,renewable_cap_1
0,"[77.97340057369254, 68.67373473512279]",42.0,63.63918614348216,19.59604707245526,245192860.3042553,benchmark,448.58905959129333,77.97340057369254,68.67373473512279
