,renewable_cap,N,max_energy,max_power,total_cost,description,elapsed_time,renewable_cap_0,renewable_cap_1
0,"[64.11427550751749, 55.69956147780787]",52.0,45.241619238054334,15.182264090220883,218313742.47061896,benchmark,98.79371356964111,64.11427550751749,55.69956147780787
