,renewable_cap,N,max_energy,max_power,total_cost,description,elapsed_time,renewable_cap_0,renewable_cap_1
0,"[69.19493377636711, 62.494799557392376]",45.0,67.98712393092791,19.402065834483768,230296203.50797486,benchmark,86.87477827072144,69.19493377636711,62.494799557392376
