,renewable_cap,N,max_energy,max_power,total_cost,description,elapsed_time,renewable_cap_0,renewable_cap_1
0,"[113.89357148771539, 84.1344451055362]",32.0,74.92242846949475,25.432854479017696,305679937.39131397,benchmark,81.37881064414978,113.89357148771539,84.1344451055362
